"","Pop","Dam","CorollaWidth","CorollaLength","PetalLength","Color","NectarAmt","NectarConc","Root","Fdate"
"1",1,"AM_146",0.839483127446911,0.382204230009017,0.295150826280589,-0.516290648799662,0.570911042521657,-0.398150980865974,0.151491082273899,-0.234403465697219
"3",1,"AM_146",1.02847245686741,-0.440593886749337,-0.605115927082119,-0.806816002876233,0.653791810283376,-0.747965970269534,0.013549365414722,-1.20925462774119
"4",1,"AM_146",2.07567563226131,-0.111376304496734,0.388251971379888,-0.0311885684130496,0.47322700602821,-0.398150980865974,1.16021962657411,-1.545161578391
"5",1,"AM_146",-0.841831311600916,0.480886211349965,0.00803411538856227,-0.885381773226679,-1.05194164078824,-0.398150980865974,0.0895323156321092,0.803351133237477
"6",1,"AM_149",1.7962530097061,0.875504602418617,-0.933782886694038,-0.193130096056407,-0.739554098507992,0.304058940101925,-0.198114465581653,-1.4637778929744
"7",1,"AM_150",0.349247939402855,-0.934679890562394,-0.933782886694038,-0.316948134520396,-2.5871754726588,0.392068864918784,-0.162504535205501,0.674711948130278
"8",1,"AM_150",-0.0230420360444128,-1.03353599764266,0.660246090033715,-0.643874061575309,-1.26130810938981,0.480129397697036,1.12962881627375,0.674711948130278
"9",1,"AM_150",0.522766410897074,-0.440593886749337,-0.499011867184571,-0.70382334914009,-0.60640153299252,-0.573168899989904,0.590880371384301,-0.464051706367597
"10",1,"AM_150",-0.557702809559148,0.612444980635835,-0.712906826644279,-0.915717922917556,-2.18909541173891,-0.222915810933691,1.10936986097606,-1.7362080649791
"11",1,"AM_151",0.611513520572868,-0.308890674337527,0.295150826280589,-0.353635870976542,0.213442465056876,0.392068864918784,0.393714789809894,0.410815489394867
"12",1,"AM_151",0.0171482434078429,0.612444980635835,-1.39853299880555,-0.811494436130392,-0.359468573919477,-0.310560329174932,0.980244391166964,-0.664024706249679
"14",1,"AM_153",0.886163339762415,1.00700601272885,-0.0904069254557428,-0.549526086088876,0.320216649230445,0.0403367034116309,0.278674580864374,-0.40023796652528
"15",1,"AM_153",0.522766410897074,0.34930775280831,-1.16213954415512,-0.4306262487105,0.00151888471259806,-0.222915810933691,1.02939152458292,-0.464051706367597
"16",1,"AM_153",1.02847245686741,1.20422337672293,-0.0904069254557428,-0.0582094448999312,-1.18939221334776,0.260073078512554,1.65074104010036,-0.299754529820642
"17",1,"AM_153",1.17430348985186,-1.09944748753846,-2.8745110309925,-0.543884406698964,-0.244320530934086,0.304058940101925,1.42505899022904,-1.4637778929744
"19",1,"AM_154",0.500790025412932,-0.226587173086874,-0.342899443529719,-0.616350468568684,-0.244320530934086,0.480129397697036,1.87782812244699,-0.717654486797908
"20",1,"AM_154",1.02847245686741,0.727542979637091,0.434335005303548,-0.585572504308019,-0.662597223222452,0.304058940101925,1.29566841107112,-1.01652157211263
"21",1,"AM_154",0.996549337466706,0.50281403193068,-0.291647704873178,-0.621682888975043,0.186103538680049,-0.398150980865974,0.980244391166964,-0.52414848039192
"22",1,"AM_154",0.160082593565114,0.875504602418617,0.00803411538856227,-0.0452656457088245,-0.542389725476004,-0.135217847342131,1.02939152458292,-1.14291034421585
"23",1,"AM_154",1.02847245686741,0.415099462707288,-1.04699280508835,-0.343920650163301,-0.393323268563544,0.128192467310955,1.01951116749197,-0.956035406986163
"24",1,"AM_154",1.74188542088758,0.612444980635835,1.17416895149119,-0.31004030494032,-0.342705237798337,0.0403367034116309,0.343968958213407,0.36336089792633
"25",1,"AM_155",-1.36976841288636,0.480886211349965,0.105080324626232,-0.027267282449693,0.0452258931248806,-0.835280519500459,0.653029660371222,-1.545161578391
"26",1,"AM_155",0.30667059669331,-0.275968264380238,1.00704560898059,-0.117859461395549,-0.986124163665897,-0.922538451604967,-0.316581848086119,-1.27807972693399
"27",1,"AM_155",-1.43232571555382,0.480886211349965,-0.712906826644279,-0.116182019282448,-0.393323268563544,-0.310560329174932,0.128132077501478,-1.4637778929744
"28",1,"AM_155",-0.141939123715914,0.717678014008227,-0.230650026829494,-0.713908443100029,-0.359468573919477,-0.398150980865974,0.0665688323733575,-0.183906423754337
"29",1,"AM_155",0.611513520572868,-0.506453715869312,1.33738430227916,-0.397344816167987,-0.0280127316949621,-0.922538451604967,-0.35068256850516,-0.107241900843887
"30",1,"AM_155",-0.910653490373062,-0.111376304496734,0.105080324626232,-0.763940603754664,-0.326049046255463,0.0403367034116309,-0.0312821024085657,-0.956035406986163
"33",1,"AM_156",0.793171933674804,-0.374739553427673,0.295150826280589,0.0955486643021838,0.801831209556358,0.21610001390807,1.59309000777091,-1.79802575008458
"34",1,"AM_156",1.02847245686741,0.54666803781595,0.295150826280589,-0.521729774981315,-0.662597223222452,-0.135217847342131,0.970490773662761,-0.40023796652528
"35",1,"AM_156",-0.0230420360444128,0.0860905642915749,1.17416895149119,-0.413472958906554,0.293898883314171,0.128192467310955,1.19105640045216,-0.464051706367597
"36",1,"AM_157",1.02847245686741,0.612444980635835,0.295150826280589,-0.427165903859527,0.320216649230445,-1.35796140646303,1.22214270458805,-1.7362080649791
"38",1,"AM_157",-1.17768123289679,-0.0455487938593522,-0.291647704873178,-0.647562944087223,0.779527031638324,-0.922538451604967,1.97746560820671,-0.40023796652528
"39",1,"AM_157",1.02847245686741,-0.506453715869312,0.434335005303548,0.171904378999367,0.247245604121558,-0.922538451604967,1.74477420456162,-1.78742221872732
"40",1,"AM_157",1.27356023448909,-0.341814436153962,0.570765890079438,-0.866577834710636,0.144586684658917,-0.485687321725053,1.97746560820671,-1.27807972693399
"41",1,"AM_157",-0.0230420360444128,0.480886211349965,0.480112179281905,-0.0564133264708606,1.30307429777893,-0.573168899989904,1.27451764916342,-1.61419424044063
"42",1,"AM_157",1.02847245686741,-0.0455487938593522,0.200772797628179,-1.07264081593936,-0.462393207239432,-0.922538451604967,2.04102252730915,-0.717654486797908
"43",1,"AM_157",0.0171482434078429,-0.539385707514846,-1.04699280508835,-0.865939228612199,0.280647789996625,-0.222915810933691,0.970490773662761,-0.717654486797908
"44",1,"AM_157",1.27356023448909,-0.934679890562394,-0.933782886694038,-1.01043438368408,-0.700776974191734,-1.27099407667027,4.7806692141257,-1.20925462774119
"45",1,"AM_158",-0.410038841560366,-0.243047202729004,-1.16213954415512,-0.591968271929953,0.630348376937166,-0.0474668682532624,-0.112044721004184,0.246539949798225
"46",1,"AM_158",0.0576234673891496,0.34930775280831,0.295150826280589,-0.533517681884261,-0.309498397614099,-0.573168899989904,-0.555016592588297,0.246539949798225
"47",1,"AM_158",1.52920158651669,-0.572319089043718,0.00803411538856227,0.86563473623135,-1.49189824264643,0.921178094024171,1.03929758420895,-1.37934571001413
"48",1,"AM_158",0.793171933674804,-0.308890674337527,-0.499011867184571,-0.238388801797983,0.346292944930724,0.128192467310955,0.883819567971395,-1.01652157211263
"49",1,"AM_158",0.180796123373492,-0.506453715869312,-0.933782886694038,-0.389071027353303,0.172333171689033,-0.135217847342131,1.96487425641026,-1.61419424044063
"51",1,"AM_159",0.566970481124393,-0.407666035729259,-0.0904069254557428,-1.30977514391426,-0.180712619453051,0.0403367034116309,-0.693082867071176,-0.570024900955416
"52",1,"AM_159",0.793171933674804,-0.0126370034523427,0.105080324626232,-0.527993876675168,-0.0956579374417948,-0.00357163131409219,0.0513406339335302,-1.912636317266
"53",1,"AM_159",0.098387335394731,-0.210127479949791,-0.499011867184571,-0.181978912273782,0.280647789996625,0.0403367034116309,0.538424225094505,-0.664024706249679
"55",1,"AM_160",-0.557702809559148,1.89416719283811,-0.499011867184571,-0.656400971019131,-1.31054310159684,-0.222915810933691,1.8167958684642,-1.61419424044063
"56",1,"AM_160",0.139443609512945,1.17135668089108,-0.0904069254557428,-0.697345526239187,-0.427626722795236,1.18639120070306,1.69747759824559,-1.14291034421585
"57",1,"AM_160",0.349247939402855,1.20422337672293,0.295150826280589,-0.732440498227698,0.144586684658917,0.568240153760979,1.48026999183873,-1.85317307910237
"59",1,"AM_160",0.43535661332108,0.0202734832817014,-0.0904069254557428,-1.2435711044646,-0.479954744754877,-0.222915810933691,1.11948593217593,-1.7362080649791
"60",1,"AM_161",0.139443609512945,0.480886211349965,-0.605115927082119,-0.460306953677072,-0.515444145137706,0.832870097127386,0.752833076854963,-1.01652157211263
"62",1,"AM_161",-0.181025222395591,0.480886211349965,-0.712906826644279,-0.603622648030029,-0.072921037345761,-1.35796140646303,1.74477420456162,-0.956035406986163
"63",1,"AM_162",-0.334727766635062,-0.111376304496734,0.00803411538856227,-0.0113163120077923,-0.986124163665897,-0.398150980865974,0.951058420402035,-0.664024706249679
"64",1,"AM_162",-0.557702809559148,0.74398434903011,0.921955611720685,0.313780729218222,-2.32617075893536,0.524178520639325,0.402071662355137,-0.299754529820642
"65",1,"AM_162",0.933217949101551,-0.308890674337527,0.295150826280589,-0.146368578412112,-0.276707519681536,0.480129397697036,0.855365029008564,0.410815489394867
"66",1,"AM_163",1.02847245686741,0.74398434903011,0.835811204998451,-0.549930687098254,-0.643724680090801,0.480129397697036,1.68574142027373,-1.01652157211263
"67",1,"AM_163",1.27356023448909,-0.308890674337527,0.480112179281905,-0.6075489746373,0.0161656173888862,-1.09688248644574,0.503861342068399,-0.183906423754337
"68",1,"AM_163",1.02847245686741,0.74398434903011,-1.2792944598787,-0.568367644093244,-0.0280127316949621,-2.2242590010861,1.53627345843461,-1.78742221872732
"70",1,"AM_163",1.58166991448874,-0.374739553427673,-0.0904069254557428,-0.878834556888312,-0.260464271935749,0.568240153760979,1.04922946643413,-1.85317307910237
"71",1,"AM_164",0.566970481124393,0.0531826695121059,0.570765890079438,-0.906121480988958,0.734415456103372,-0.747965970269534,0.495270827402556,-0.717654486797908
"74",1,"AM_165",0.264405596102353,-0.704066658583498,-0.605115927082119,-0.329405861736737,-0.260464271935749,-0.0474668682532624,1.66237332513804,-0.845327892174415
"75",1,"AM_165",1.02847245686741,0.382204230009017,-0.933782886694038,-0.153078199806786,-0.103279719761897,-0.398150980865974,1.08921765112318,0.0799539829120923
"77",1,"AM_165",0.522766410897074,0.612444980635835,1.41758582528966,-0.347042082802348,0.0488368611308341,-0.463808351126847,0.128132077501478,-1.4637778929744
"78",1,"AM_166",0.839483127446911,-0.440593886749337,-0.712906826644279,-0.716452787606865,-0.497637724184449,-0.573168899989904,1.46916504073787,-1.4637778929744
"79",1,"AM_166",0.678974070581103,1.22065629706088,-0.877882983933292,-0.498686793111381,-0.700776974191734,-0.222915810933691,0.555827343831373,-0.664024706249679
"80",1,"AM_166",-0.77214540524403,0.0860905642915749,-0.394539838801074,-0.452781275686461,0.397741581668688,-1.27099407667027,1.33832038083697,-0.956035406986163
"82",1,"AM_166",0.180796123373492,0.480886211349965,-1.51993502215489,-0.287610802697112,-0.839261473518816,0.656400770153815,1.7566872782102,-1.37934571001413
"83",1,"AM_166",1.27356023448909,1.56568283524189,0.00803411538856227,-0.238663755707238,0.102440281798118,0.832870097127386,1.49140663915424,-1.9643442811074
"85",1,"AM_167",0.566970481124393,0.0860905642915749,-0.0904069254557428,0.0175219849636895,0.460782407754882,0.392068864918784,0.478149462037942,-1.27807972693399
"87",1,"AM_168",1.74188542088758,-0.308890674337527,0.295150826280589,-0.460306953677072,0.0452258931248806,-0.222915810933691,1.00965639367534,-1.912636317266
"88",1,"AM_168",1.12529205294882,0.711101311007976,-0.605115927082119,-0.0100347571810129,-0.60640153299252,0.0403367034116309,1.19105640045216,-1.01652157211263
"89",1,"AM_168",0.933217949101551,1.43425862539303,-0.394539838801074,0.00772699932302926,-0.922080395782714,0.128192467310955,0.734487903937075,0.98181209364726
"90",1,"AM_168",1.7962530097061,-1.75890173711875,-1.04699280508835,-0.802170505368396,-0.778951098307474,2.07346683433892,1.92733623171568,-1.545161578391
"92",2,"TJ_097",-0.630102093861174,-0.0455487938593522,0.835811204998451,-0.547506341175414,-1.26130810938981,0.921178094024171,-0.075560224549724,0.674711948130278
"95",2,"TJ_100",0.909643502627406,0.628888456208966,-0.76745274544053,-0.648488138081662,-0.309498397614099,-1.05331811236011,-0.330261751382611,0.375271425643461
"100",2,"TJ_103",1.02847245686741,0.612444980635835,0.00803411538856227,-0.323305619882121,-0.103279719761897,1.18639120070306,0.855365029008564,-1.27807972693399
"103",2,"TJ_104",-0.630102093861174,1.4013998086194,0.105080324626232,-0.637008056914586,-0.533376056305332,0.832870097127386,-0.0974955836862371,-0.40023796652528
"104",2,"TJ_104",-0.258398333415225,-0.111376304496734,1.00704560898059,-0.418921964198514,0.24051741440074,1.3634374721567,-0.843546772806694,0.542673392372937
"105",2,"TJ_104",-0.062950994988469,0.908381711500387,0.200772797628179,-0.428548233862041,-1.33556799373131,0.128192467310955,0.00603850118164182,0.741273705645461
"106",2,"TJ_104",1.52920158651669,-1.29721817039532,-0.291647704873178,-0.165511800509966,0.47322700602821,0.0403367034116309,0.931725149341514,-0.183906423754337
"107",2,"TJ_104",1.02847245686741,0.217709307870159,-1.2792944598787,-0.508970406371034,-0.244320530934086,-0.0474668682532624,-0.0901987388892988,-0.0584745987388802
"108",2,"TJ_105",1.17430348985186,-0.0455487938593522,0.660246090033715,-0.272028678885769,0.30708827911842,0.128192467310955,0.836513876414213,-0.40023796652528
"109",2,"TJ_105",1.07668370631269,-0.177209092578663,1.33738430227916,-0.192608290427518,-0.180084169965828,2.65246022631542,0.135901689134085,0.741273705645461
"110",2,"TJ_106",1.52920158651669,-0.506453715869312,0.295150826280589,-0.588550295519716,-0.27703340922534,0.217858688486737,0.335743179396401,-0.717654486797908
"113",2,"TJ_108",1.02847245686741,-0.76994894952334,-0.499011867184571,-0.266329317003893,0.606717310558561,-1.09688248644574,0.495270827402556,-0.845327892174415
"114",2,"TJ_108",1.02847245686741,-0.243047202729004,-0.499011867184571,0.999805011901877,-0.149470136680054,-0.485687321725053,1.03929758420895,-0.845327892174415
"115",2,"TJ_115",0.793171933674804,0.809746849029993,-0.394539838801074,-0.310938095366025,-0.462393207239432,1.71808830641755,1.13979864089176,-1.4637778929744
"116",2,"TJ_115",0.43535661332108,0.250610808726457,0.921955611720685,-0.571485223505267,0.745757183112151,0.392068864918784,0.512471855334473,-1.20925462774119
"118",2,"TJ_115",-0.0828010931104531,-0.259507565607049,0.295150826280589,-0.873645027241323,0.333284654004707,-0.573168899989904,0.912490058797828,-0.845327892174415
"119",2,"TJ_118",-0.258398333415225,-0.0784618911490464,0.295150826280589,-0.49528926386254,0.594830300657794,-0.310560329174932,0.393714789809894,-0.570024900955416
"120",2,"TJ_120",-0.334727766635062,0.67821707188399,-0.605115927082119,-0.327265678921895,0.497957024604996,-0.310560329174932,-0.140966294418006,-0.234403465697219
"121",2,"TJ_120",0.112040083405353,1.02892110095372,0.169023262051442,0.211507411689258,0.0739816439394056,0.304058940101925,-0.357463279831788,-0.570024900955416
"122",2,"TJ_120",0.0576234673891496,0.809746849029993,0.105080324626232,0.225718761026761,0.779527031638324,-0.135217847342131,-0.47732911950569,0.410815489394867
"123",2,"TJ_120",-0.630102093861174,0.415099462707288,1.09110810308235,-0.0656554868004668,0.642093328373379,-0.573168899989904,-0.0089363094947493,-0.234403465697219
"125",2,"TJ_120",1.02847245686741,1.2699533595629,0.295150826280589,-0.430106235035392,0.665444252861028,0.392068864918784,0.808412845748626,-1.61419424044063
"128",3,"AM_025",-0.181025222395591,-1.36315398811671,-0.0904069254557428,-0.862120932426256,0.37213292725897,-0.222915810933691,0.752833076854963,1.40800757458209
"133",3,"AM_026",-0.0230420360444128,-0.76994894952334,-0.0904069254557428,-0.990571756608425,0.823971524136943,-0.135217847342131,-0.43120032178119,-0.40023796652528
"134",3,"AM_026",-0.258398333415225,-1.13240547942055,1.00704560898059,-0.470455047628172,1.08289867636369,-0.00357163131409219,-0.169655097309032,0.58076514637422
"135",3,"AM_026",0.0576234673891496,-1.62696011045484,0.835811204998451,-0.61281711244616,1.2071103381876,0.0403367034116309,0.874310871251357,-0.464051706367597
"137",3,"AM_026",0.349247939402855,-0.63819005531115,1.80539779579604,-0.376979020553664,1.23137485395812,-0.266744776878471,1.82892761686532,-0.299754529820642
"139",3,"AM_026",0.747224483071247,-0.901730795369275,0.388251971379888,-0.844596553128721,1.29360718868203,-0.573168899989904,0.512471855334473,0.457781027117525
"140",3,"AM_026",-0.258398333415225,-0.177209092578663,0.921955611720685,-0.0749910403024614,-0.462393207239432,2.51868434999125,0.980244391166964,-0.107241900843887
"141",3,"AM_026",-0.334727766635062,-0.704066658583498,0.835811204998451,-1.06105804085532,0.0249161282292084,-0.450679330037742,1.45809162455677,-0.52414848039192
"142",3,"AM_026",-0.0230420360444128,-1.41260993373868,1.21533156860765,-0.621682888975043,-0.342705237798337,-0.835280519500459,0.427256793130255,0.34743073137552
"143",3,"AM_026",-0.557702809559148,-1.42909603267193,0.295150826280589,-0.561760079902598,0.267334313202455,1.18639120070306,0.960762154936248,0.246539949798225
"145",3,"AM_026",0.0576234673891496,-0.473523110225255,2.17298604352648,-0.606237856026091,0.213442465056876,0.480129397697036,0.661993362436099,0.457781027117525
"147",3,"AM_037",-0.062950994988469,-0.63819005531115,0.00803411538856227,-0.968332648784338,-0.359468573919477,0.921178094024171,0.808412845748626,-1.14291034421585
"149",3,"AM_043",0.478896643612915,-0.63819005531115,-0.499011867184571,-0.233727940823553,0.460782407754882,0.21610001390807,0.286772905893621,0.0799539829120923
"150",3,"AM_043",0.30667059669331,-0.144292037195091,-1.16213954415512,-0.267181793485375,0.267334313202455,1.09793898681472,0.343968958213407,0.0799539829120923
"151",3,"AM_043",0.349247939402855,-0.967630449979483,-0.190285828955798,-0.427856768361345,0.0452258931248806,0.656400770153815,-0.309721950892505,-0.0584745987388802
"153",3,"AM_043",-0.141939123715914,0.0860905642915749,0.388251971379888,-0.153826833258402,0.700129565926356,-0.398150980865974,-0.0608615772148685,0.143213533706165
"154",3,"AM_044",0.30667059669331,0.67821707188399,1.09110810308235,-0.230725435642119,0.0596413641542071,0.832870097127386,-0.391172152392554,0.770579620245542
"155",3,"AM_044",0.793171933674804,0.5795571176646,0.295150826280589,-0.291405300294486,1.2554548527821,-0.0474668682532624,-0.555016592588297,-1.37934571001413
"156",3,"AM_044",0.656400282396726,-0.210127479949791,1.33738430227916,-0.750950564091037,1.46348387972512,-0.485687321725053,0.0589466948880775,0.839524115067249
"159",3,"AM_045",0.139443609512945,-0.210127479949791,-1.76957321135453,-0.844596553128721,0.15849448889657,0.656400770153815,0.013549365414722,-0.183906423754337
"160",3,"AM_045",0.793171933674804,0.480886211349965,-0.499011867184571,0.0133662197744921,0.30708827911842,0.128192467310955,0.286772905893621,-0.0584745987388802
"161",3,"AM_045",-0.630102093861174,0.217709307870159,-0.712906826644279,-0.520171774561425,-0.37634069183812,-0.747965970269534,0.582086048060582,-1.78742221872732
"162",3,"AM_045",0.180796123373492,0.0860905642915749,0.388251971379888,-0.51165919281091,0.829481329501304,-0.135217847342131,-0.384456187330221,0.0799539829120923
"163",3,"AM_045",-0.181025222395591,0.34930775280831,-0.499011867184571,-0.480736971523406,0.37213292725897,-0.310560329174932,-1.04364396470485,1.27934044476425
"164",3,"AM_045",0.566970481124393,-0.901730795369275,-0.499011867184571,-0.845214284665645,-0.276707519681536,0.128192467310955,1.69747759824559,-1.37934571001413
"165",3,"AM_045",-0.0230420360444128,-0.111376304496734,0.660246090033715,-0.304970929167289,-0.462393207239432,-1.18396759370047,0.960762154936248,-1.78742221872732
"167",4,"AM_001",-0.841831311600916,0.250610808726457,-1.39853299880555,-0.342986520113284,0.247245604121558,-0.52943498373024,0.311176110584597,0.205513799731689
"169",4,"AM_001",0.243388923416363,0.316410028353113,0.879016929214616,-0.105235342988287,0.384965865488652,0.612314255842328,0.198665306499521,0.500418569265542
"170",4,"AM_001",-0.102582190971587,-0.440593886749337,-0.0904069254557428,-0.456714293814168,0.293898883314171,0.480129397697036,1.79264300064771,-0.52414848039192
"171",4,"AM_001",0.522766410897074,-0.177209092578663,-3.02668975481287,-0.360918909826933,1.28886307538953,-1.44486906003293,-0.295962033129379,0.967750008598695
"173",4,"AM_001",-0.258398333415225,-0.0455487938593522,-2.43814462939151,-0.74031206090921,0.642093328373379,-0.222915810933691,0.385376873459245,0.770579620245542
"175",4,"AM_002",0.0576234673891496,0.151902491815731,-1.64358516266234,-0.271457022183624,-0.739554098507992,-0.0474668682532624,0.725348886678827,-2.05225173840146
"176",4,"AM_002",-0.258398333415225,0.908381711500387,0.480112179281905,-0.0104617487311883,-0.533376056305332,0.656400770153815,0.230458462050786,-0.845327892174415
"180",4,"AM_002",1.02847245686741,0.74398434903011,0.295150826280589,-0.822740992369557,0.00151888471259806,0.304058940101925,-0.1047775596555,-1.01652157211263
"181",4,"AM_002",-0.181025222395591,1.00700601272885,0.388251971379888,-0.628854294159324,-0.569624819877789,1.3634374721567,0.990023122796636,-0.664024706249679
"182",4,"AM_002",-0.910653490373062,0.612444980635835,-0.0904069254557428,-0.292869278429685,-0.149470136680054,-0.310560329174932,-0.28906191894247,-0.0584745987388802
"183",4,"AM_002",0.793171933674804,1.63138835300222,0.200772797628179,-0.182494454321088,-1.21311445576361,0.568240153760979,0.343968958213407,0.693289545323892
"185",4,"AM_002",-0.7015758620613,0.5795571176646,0.295150826280589,-0.835400615759219,-0.427626722795236,-0.135217847342131,1.04922946643413,-1.06615360132454
"186",4,"AM_003",-0.181025222395591,0.513777738544226,0.480112179281905,-0.791835776735177,-0.943238169481112,-0.135217847342131,-0.605861248284826,0.0799539829120923
"187",4,"AM_003",-0.334727766635062,0.776866194253278,-0.190285828955798,-0.102165464169635,-0.212325904176728,-0.00357163131409219,-0.837653282975502,0.693289545323892
"188",4,"AM_003",-0.141939123715914,0.875504602418617,1.33738430227916,-0.121705330302329,-0.462393207239432,0.480129397697036,0.159310993035232,-0.107241900843887
"190",4,"AM_003",0.566970481124393,0.711101311007976,-0.394539838801074,-0.502099387277828,-0.597156866102069,-0.52943498373024,-0.268280388473925,-0.52414848039192
"191",4,"AM_003",-0.181025222395591,0.415099462707288,-0.291647704873178,-0.219087236821731,-0.180712619453051,0.21610001390807,1.16021962657411,-2.00638331374473
"197",4,"AM_003",-0.484355990040914,0.67821707188399,0.105080324626232,-0.589830179963842,0.384965865488652,-1.3144851681704,0.931725149341514,0.34743073137552
"198",4,"AM_003",-0.77214540524403,0.217709307870159,0.480112179281905,-0.153327674532418,-0.0503738649432631,-0.791630292574953,0.013549365414722,1.25930130829262
"199",4,"AM_003",0.222448791465447,-0.0784618911490464,-2.02895064225585,0.32193333935833,0.130608940811831,-1.18396759370047,-0.580531961157662,0.839524115067249
"201",4,"AM_003",0.478896643612915,-0.111376304496734,0.200772797628179,-0.167157480241445,0.677051082134463,0.128192467310955,-1.14212045320855,0.674711948130278
"205",4,"AM_003",0.793171933674804,-0.341814436153962,0.480112179281905,-0.544687776820601,-0.681613782809485,0.128192467310955,-0.212259135424404,0.693289545323892
"212",4,"AM_004",-0.7015758620613,-0.0455487938593522,-0.499011867184571,-0.707839839916287,-0.0280127316949621,0.0403367034116309,0.0742071073838586,-0.183906423754337
"213",4,"AM_004",-0.807097553278436,0.941257645158098,-0.291647704873178,-0.602752984072033,0.845950782621758,-0.485687321725053,-0.982017747693504,0.246539949798225
"214",4,"AM_004",-0.484355990040914,0.67821707188399,1.00704560898059,-0.783907255103438,0.711602040184891,-0.660595271953858,-0.444442130297604,0.457781027117525
"216",4,"AM_004",0.180796123373492,0.0202734832817014,1.17416895149119,-0.691910809980828,-0.901107543647125,0.480129397697036,-1.01016888945819,0.825084829346032
"217",4,"AM_004",-0.334727766635062,-0.440593886749337,-0.394539838801074,-0.551956967478808,-0.818991840822001,0.304058940101925,-1.1796508364381,0.626083538180816
"218",4,"AM_004",-0.557702809559148,-0.0455487938593522,0.388251971379888,-0.605365081098838,-1.4385564810551,0.128192467310955,0.262531616982627,-0.717654486797908
"221",4,"AM_004",0.139443609512945,0.0860905642915749,0.570765890079438,-0.282384855875865,0.130608940811831,-0.485687321725053,1.7210551453328,-1.06615360132454
"222",4,"AM_004",0.285499314650104,-0.308890674337527,1.09110810308235,-0.464640012599356,-0.479954744754877,0.128192467310955,1.04922946643413,-0.40023796652528
"223",4,"AM_004",1.02847245686741,-0.835836979637665,0.295150826280589,-0.156827664673508,-0.11858837032708,0.656400770153815,0.294889221291618,0.36336089792633
"226",4,"AM_005",1.17430348985186,0.283511047933906,0.105080324626232,-0.585148084198678,-0.533376056305332,1.0095345077566,0.62626713185558,0.500418569265542
"229",4,"AM_006",1.02847245686741,2.12404296519606,0.105080324626232,-0.111406365895736,0.47322700602821,0.480129397697036,-0.896135462863965,0.283130216104173
"231",4,"AM_006",0.566970481124393,0.217709307870159,-1.39853299880555,-0.134807439195096,-0.180712619453051,0.21610001390807,-1.36626820075361,-0.0584745987388802
"232",4,"AM_006",0.139443609512945,0.299960694204339,-0.291647704873178,0.378921625563921,0.688612715894812,0.0403367034116309,-1.16361780892457,-0.52414848039192
"233",4,"AM_006",-0.77214540524403,-0.210127479949791,-1.16213954415512,0.0286529868785137,-0.11858837032708,0.656400770153815,-0.1047775596555,0.58076514637422
"234",4,"AM_006",0.264405596102353,-0.275968264380238,-1.89799455198923,-0.463916167499604,-0.393323268563544,0.568240153760979,0.246459763840663,-0.107241900843887
"235",4,"AM_006",0.0171482434078429,0.612444980635835,1.17416895149119,0.0187651894257941,-0.551435560493001,1.80686548154054,-0.976359341516046,0.246539949798225
"236",4,"AM_006",0.160082593565114,0.908381711500387,0.200772797628179,-0.12920361330468,-0.0428996620283656,-0.135217847342131,-0.226347666636768,-0.234403465697219
"237",4,"AM_006",-0.410038841560366,0.67821707188399,0.570765890079438,0.234418718726459,0.0596413641542071,0.656400770153815,0.182872365208259,-0.52414848039192
"238",4,"AM_006",0.566970481124393,1.46711633409715,-0.291647704873178,-0.140446406207945,-0.0132068935383394,-0.310560329174932,0.752833076854963,-1.01652157211263
"242",4,"AM_007",0.30667059669331,0.34930775280831,0.835811204998451,-0.608862449549361,-0.088057657762343,1.27489080800174,0.352213238398919,-0.0584745987388802
"243",4,"AM_007",-0.181025222395591,0.34930775280831,0.570765890079438,-0.461027466382143,0.384965865488652,0.392068864918784,0.478149462037942,0.693289545323892
"244",4,"AM_007",0.611513520572868,0.0202734832817014,0.660246090033715,-0.496797427025701,0.618556519403479,-0.310560329174932,-0.0312821024085657,-1.912636317266
"246",4,"AM_008",-0.807097553278436,0.382204230009017,-1.2792944598787,-0.501339723044046,0.856880873472058,0.0403367034116309,-0.219310393387356,0.98181209364726
"247",4,"AM_008",-0.062950994988469,0.875504602418617,-1.16213954415512,-0.26547769223497,0.102440281798118,-0.135217847342131,0.716232118692623,0.0799539829120923
"249",4,"AM_008",-0.557702809559148,0.217709307870159,-2.8745110309925,-0.255604334637447,0.423123727632695,-0.660595271953858,-0.0828869707711335,1.20215502098284
"252",4,"AM_012",-0.7015758620613,1.20422337672293,-0.822442234585794,-0.540679460723738,-0.410418025314388,-0.0474668682532624,-0.0312821024085657,-0.183906423754337
"254",4,"AM_012",-0.334727766635062,1.99269167339244,-0.499011867184571,-0.489472825997858,0.227012561481901,0.392068864918784,-0.655971204846719,0.375271425643461
"256",4,"AM_013",-1.61579222156648,0.415099462707288,-0.394539838801074,0.156374283158938,0.247245604121558,-0.398150980865974,0.360476094656805,-1.14291034421585
"258",4,"AM_013",0.566970481124393,0.612444980635835,-0.712906826644279,-0.32421780716463,0.995516848320398,0.128192467310955,0.503861342068399,0.205513799731689
"261",4,"AM_013",0.349247939402855,0.283511047933906,-0.291647704873178,-0.337094779336453,0.0739816439394056,-1.09688248644574,0.661993362436099,-2.00638331374473
"262",4,"AM_013",1.27356023448909,-1.03353599764266,0.105080324626232,-0.786162944169557,0.130608940811831,-0.922538451604967,0.278674580864374,-0.40023796652528
"263",4,"AM_013",2.07567563226131,0.480886211349965,-0.499011867184571,-0.915027533568265,-0.0280127316949621,0.128192467310955,1.03929758420895,-1.20925462774119
"264",4,"AM_013",-0.334727766635062,-0.210127479949791,0.295150826280589,-0.174026249422191,0.570911042521657,-1.09688248644574,0.222484094835784,0.319414812173201
"266",4,"AM_014",0.139443609512945,-0.572319089043718,-0.0904069254557428,-0.466089716797693,0.384965865488652,0.21610001390807,-0.509909500946671,-0.107241900843887
"268",4,"AM_014",1.27356023448909,-0.60525387031531,-0.190285828955798,-0.623916339328057,-0.462393207239432,-0.922538451604967,1.74477420456162,0.00269610199050756
"269",4,"AM_014",1.27356023448909,0.118997170709362,-0.291647704873178,-0.406040650399971,-1.05194164078824,-0.398150980865974,-1.01577113517931,0.770579620245542
"271",4,"AM_015",1.07668370631269,1.46711633409715,-0.712906826644279,-0.351746530052439,0.0452258931248806,0.480129397697036,1.48026999183873,0.00269610199050756
"273",4,"AM_015",-0.141939123715914,0.415099462707288,-0.499011867184571,-0.0670157788827268,-0.276707519681536,-0.135217847342131,0.486700228254341,0.500418569265542
"277",4,"AM_016",1.02847245686741,1.49997293649765,-0.0904069254557428,-0.895331658563183,0.0452258931248806,0.0403367034116309,0.335743179396401,0.410815489394867
"278",4,"AM_016",-0.630102093861174,0.250610808726457,-0.822442234585794,-0.385129496286696,-0.141716262741136,0.921178094024171,-0.169655097309032,0.882607081070636
"279",4,"AM_016",0.566970481124393,0.283511047933906,0.105080324626232,-0.717473149655847,-0.11858837032708,-0.310560329174932,0.190760255565315,-0.664024706249679
"280",4,"AM_016",1.42562597565801,0.283511047933906,1.95473404706823,-0.881445324706329,-0.653143110395076,-0.660595271953858,0.343968958213407,0.861109274562995
"282",4,"AM_016",0.851118377718481,1.63960123687286,0.295150826280589,-0.730356587237402,-0.228274873184839,-0.922538451604967,-0.867019613097407,-0.0584745987388802
"283",4,"AM_016",0.0171482434078429,1.00700601272885,0.480112179281905,-0.885381773226679,0.558877858157509,0.656400770153815,0.143688002575739,-0.717654486797908
"284",4,"AM_016",1.47718932482324,-0.802892244301542,-0.605115927082119,-0.0342498527914623,0.448284030503672,-0.485687321725053,1.25348218072141,-0.845327892174415
"288",4,"AM_017",-0.258398333415225,1.36853987607052,0.480112179281905,-0.645716131348152,0.0882476492243064,0.21610001390807,-0.295962033129379,0.143213533706165
"289",4,"AM_017",-0.141939123715914,0.0202734832817014,-0.394539838801074,-0.435147368364303,-0.479954744754877,0.128192467310955,-0.0608615772148685,0.626083538180816
"291",4,"AM_017",0.566970481124393,1.53282843433575,0.00803411538856227,-0.585997168412866,-0.321901550763855,-0.52943498373024,0.0513406339335302,0.410815489394867
"293",4,"AM_017",0.139443609512945,0.612444980635835,0.660246090033715,-1.24481222995715,-0.953887611330043,0.524178520639325,-0.28906191894247,1.0619850235584
"295",4,"AM_017",1.02847245686741,0.118997170709362,0.295150826280589,-0.093250799132786,-0.569624819877789,0.392068864918784,-0.555016592588297,-1.27807972693399
"296",4,"AM_017",-0.630102093861174,1.99269167339244,1.17416895149119,-0.0406231609731179,-0.260464271935749,-0.791630292574953,-0.655971204846719,1.18524151793433
"297",4,"AM_017",-0.062950994988469,1.30281665635498,0.480112179281905,-0.280361226573999,1.59654169021354,0.348057555211137,-0.542188359569927,0.410815489394867
"298",4,"AM_017",0.0576234673891496,1.79563317304801,1.80539779579604,-0.478153715992713,0.326758156306228,-0.922538451604967,0.246459763840663,1.15807778060415
"299",4,"AM_017",-0.7015758620613,1.49997293649765,-0.605115927082119,-0.555618116498014,-0.260464271935749,-1.00973927427729,1.10936986097606,-0.956035406986163
"300",4,"AM_017",0.793171933674804,0.875504602418617,0.480112179281905,0.0461174447807061,0.410460672608772,-2.31053812502409,0.707137503098572,-1.37934571001413
"302",4,"AM_018",0.222448791465447,0.84262631568201,1.49687981908265,-0.267750585305483,0.165422419772591,-2.09471747721306,0.254486836680204,1.13762135978209
"303",4,"AM_018",2.07567563226131,0.250610808726457,0.570765890079438,0.0309046169778237,0.642093328373379,-1.70522843898513,0.0742071073838586,-1.4637778929744
"304",4,"AM_018",0.566970481124393,-0.111376304496734,-0.291647704873178,-0.422003453494974,0.165422419772591,-0.266744776878471,3.03725214091646,-0.845327892174415
"306",4,"AM_019",0.222448791465447,1.4013998086194,0.660246090033715,0.0525357870725877,0.267334313202455,-0.135217847342131,-0.112044721004184,0.58076514637422
"311",4,"AM_019",1.42562597565801,-0.308890674337527,0.295150826280589,-0.589403304929991,-0.497637724184449,0.744610873781513,0.990023122796636,-0.956035406986163
"312",4,"AM_019",0.222448791465447,1.23708893365911,-0.933782886694038,-0.382512425260079,-0.393323268563544,0.832870097127386,-0.00145670432008218,0.882607081070636
"313",4,"AM_019",0.39214184396861,-0.243047202729004,0.200772797628179,-0.437242769585746,-1.00786055916627,-0.398150980865974,-0.849430119563524,0.803351133237477
"314",4,"AM_019",-0.410038841560366,0.151902491815731,0.388251971379888,-0.2544831750505,-1.39291356918618,-0.0694095615874468,0.360476094656805,-0.40023796652528
"318",4,"AM_020",0.222448791465447,1.46711633409715,1.80539779579604,-0.838451456566727,-0.798889453845522,-2.09471747721306,-0.43120032178119,0.58076514637422
"319",4,"AM_020",-0.841831311600916,0.151902491815731,0.295150826280589,-0.661568182489733,-0.662597223222452,0.656400770153815,0.503861342068399,0.741273705645461
"320",4,"AM_020",0.30667059669331,-1.03353599764266,-0.0904069254557428,-0.908165456606146,-0.149470136680054,-2.05150453718546,-0.825835748431795,1.00283826106222
"321",4,"AM_020",-0.296691907439024,2.18971238096659,0.921955611720685,-0.917101008422816,0.397741581668688,0.128192467310955,0.635166636955693,-0.40023796652528
"322",4,"AM_020",-0.062950994988469,1.69708952076701,0.388251971379888,-0.827534773399654,-0.37634069183812,0.392068864918784,0.206587585028649,0.00269610199050756
"325",4,"AM_021",0.566970481124393,0.382204230009017,0.00803411538856227,-1.0293207733097,-0.196472263189838,0.480129397697036,-0.140966294418006,-0.234403465697219
"326",4,"AM_021",-0.484355990040914,1.2699533595629,0.295150826280589,-0.465727038539705,-0.922080395782714,1.18639120070306,-1.03808776122473,0.861109274562995
"327",4,"AM_021",0.793171933674804,-0.440593886749337,-0.0904069254557428,-0.498686793111381,-0.700776974191734,0.392068864918784,0.990023122796636,0.500418569265542
"328",4,"AM_022",0.285499314650104,0.415099462707288,1.04920365708972,0.565263116276191,-0.0910951982811315,0.603498439494746,0.0818615812483128,-0.845327892174415
"329",4,"AM_022",-1.24246185888242,0.645331629242443,1.00704560898059,0.959708951745353,-0.444951165672973,0.921178094024171,-0.612164779189519,-1.01652157211263
"330",4,"AM_023",-0.630102093861174,0.612444980635835,-0.712906826644279,-0.34892063539106,-0.681613782809485,0.788734367252209,0.214527158548514,0.0799539829120923
"331",4,"AM_023",0.39214184396861,-2.28693770371923,0.660246090033715,-0.693882191417737,0.333284654004707,-0.222915810933691,-0.169655097309032,-0.40023796652528
"332",4,"AM_023",0.139443609512945,0.54666803781595,0.660246090033715,0.317787954997681,0.700129565926356,1.27489080800174,0.198665306499521,-0.464051706367597
"333",4,"AM_023",1.02847245686741,-0.177209092578663,-0.0904069254557428,-0.556842483760787,-1.33556799373131,-0.135217847342131,1.26398557371557,-0.52414848039192
"335",4,"AM_024",-0.258398333415225,1.36853987607052,0.660246090033715,0.0418820622888184,0.267334313202455,-0.485687321725053,-0.437827483322483,-0.0584745987388802
"336",4,"AM_024",-0.77214540524403,0.151902491815731,0.660246090033715,-0.749879205774765,-1.60264539981672,1.0095345077566,-0.148160185880266,0.626083538180816
"337",5,"AM_053",-0.77214540524403,-0.0455487938593522,-0.0904069254557428,-0.415511984068972,-0.088057657762343,-1.09688248644574,-0.3978753010171,1.00283826106222
"338",5,"AM_053",0.701635617034158,-0.737007091007605,-0.0904069254557428,-0.725174279144797,-0.515444145137706,-1.18396759370047,1.55890132776515,-0.845327892174415
"339",5,"AM_054",-0.841831311600916,0.54666803781595,0.570765890079438,-0.162355573703087,0.81292167251917,0.656400770153815,0.538424225094505,-0.40023796652528
"342",5,"AM_057",-0.0230420360444128,-0.111376304496734,1.80539779579604,0.0703623427834833,0.144586684658917,0.392068864918784,-0.316581848086119,0.626083538180816
"343",5,"AM_057",-1.35401632364909,-0.0620051785713927,0.295150826280589,-0.380229395655086,0.326758156306228,-0.660595271953858,-0.377727361850426,0.58076514637422
"350",5,"AM_065",-0.77214540524403,-0.0455487938593522,-0.712906826644279,-0.722597676431387,0.485618366647131,0.744610873781513,1.93980978861675,-0.464051706367597
"351",5,"AM_067",0.0576234673891496,0.645331629242443,0.480112179281905,-0.281516994101073,0.30708827911842,0.832870097127386,-0.176791320083363,-0.107241900843887
"352",5,"AM_067",-0.447320161242266,0.151902491815731,1.49687981908265,0.763099451594832,0.24051741440074,0.744610873781513,-0.15533958205747,0.246539949798225
"353",5,"AM_068",-0.7015758620613,-2.23411408194813,1.09110810308235,-0.376979020553664,1.2071103381876,-0.0474668682532624,0.990023122796636,-0.956035406986163
"354",5,"AM_068",-1.36976841288636,0.84262631568201,1.65283017134845,-0.436543686231976,-0.072921037345761,-2.2242590010861,-0.140966294418006,0.693289545323892
"355",5,"AM_068",-0.334727766635062,-0.737007091007605,0.105080324626232,-0.885381773226679,0.953524436155409,0.480129397697036,2.02823036296349,-1.20925462774119
"356",5,"AM_068",1.12529205294882,-1.95686383785667,0.00803411538856227,-0.595402186640913,0.910949201440501,0.656400770153815,2.53070757530242,0.410815489394867
"357",5,"AM_132",-0.630102093861174,-0.275968264380238,0.74858440797802,-0.512814428417957,0.779527031638324,0.656400770153815,-0.0534895650770787,-0.0584745987388802
"358",5,"AM_132",0.793171933674804,-0.243047202729004,-0.712906826644279,-0.842131511187443,0.00151888471259806,-0.310560329174932,0.689014344597989,-0.40023796652528
"360",5,"AM_135",-0.258398333415225,-0.308890674337527,1.72952711447978,-0.632919662363549,0.37213292725897,0.480129397697036,-0.457634049486228,1.00283826106222
"362",5,"AM_136",-0.334727766635062,0.217709307870159,1.33738430227916,0.486107611537341,0.102440281798118,-1.18396759370047,-1.38637069988627,1.14785860014678
"364",5,"AM_138",-0.910653490373062,-0.0455487938593522,2.02823492011912,0.00898305297413439,0.479429307408365,-1.18396759370047,-1.52855977664914,0.939517180071238
"365",5,"AM_139",0.349247939402855,-0.243047202729004,0.200772797628179,-0.110454244893439,-0.165045668439528,0.128192467310955,-0.0828869707711335,0.0799539829120923
"367",5,"AM_139",1.52920158651669,0.415099462707288,0.835811204998451,-1.02021191176861,-0.359468573919477,0.656400770153815,1.22214270458805,-1.545161578391
"368",5,"AM_139",0.933217949101551,0.447993453620028,1.57528771594887,-0.777743070586154,0.186103538680049,0.480129397697036,-0.567797689963318,0.457781027117525
"370",5,"AM_141",-0.334727766635062,0.415099462707288,-1.16213954415512,-0.640661766363244,-0.667337761027188,-0.135217847342131,0.128132077501478,-1.14291034421585
"372",5,"AM_144",-0.557702809559148,-0.440593886749337,0.388251971379888,-0.64479450538487,-1.18939221334776,0.568240153760979,-0.970691477104339,0.741273705645461
"373",5,"AM_144",0.139443609512945,-0.308890674337527,-0.190285828955798,-1.12645980609887,0.81292167251917,0.744610873781513,-0.0828869707711335,-1.27807972693399
"374",6,"TJ_193",0.566970481124393,-0.0784618911490464,0.388251971379888,-0.366343963797435,-0.244320530934086,0.744610873781513,0.817756568746281,-1.66877677140829
"376",6,"TJ_193",1.32381819408096,0.480886211349965,1.49687981908265,-0.308546124522408,0.186103538680049,0.392068864918784,-1.02136411786453,0.882607081070636
"378",6,"TJ_194",0.839483127446911,2.2553776748236,0.660246090033715,-0.558478093567086,-0.13398477807358,-0.135217847342131,0.013549365414722,0.36336089792633
"379",6,"TJ_194",-0.978631212908117,1.89416719283811,0.00803411538856227,-0.558478093567086,-0.149470136680054,0.744610873781513,1.07918126154456,-0.956035406986163
"382",6,"TJ_194",-0.334727766635062,1.20422337672293,0.570765890079438,-0.561760079902598,0.497957024604996,-0.398150980865974,1.12962881627375,-0.956035406986163
"384",6,"TJ_194",0.349247939402855,1.63138835300222,0.295150826280589,-0.31393771047454,-0.309498397614099,0.480129397697036,0.780520163239017,-0.40023796652528
"386",6,"TJ_201",1.27356023448909,-1.16536497574026,-1.51993502215489,-0.306756620196443,0.878623651333479,-1.44486906003293,-1.05472901706033,-0.52414848039192
"387",6,"TJ_202",0.566970481124393,0.974132411510409,-0.933782886694038,-0.209994040116578,-0.149470136680054,0.832870097127386,0.564559621751877,-0.664024706249679
"389",6,"TJ_202",-0.0230420360444128,0.941257645158098,-0.291647704873178,-0.763940603754664,0.0161656173888862,1.0095345077566,0.377057836387114,-0.52414848039192
"390",6,"TJ_202",0.349247939402855,1.36853987607052,-1.04699280508835,-0.485929434687983,-0.088057657762343,1.45203087732414,0.262531616982627,0.00269610199050756
"391",6,"TJ_202",0.566970481124393,-0.63819005531115,-1.76957321135453,-0.997645675591923,-1.38646884154758,1.54067069639022,-0.198114465581653,-0.664024706249679
"392",6,"TJ_202",0.793171933674804,0.776866194253278,-2.02895064225585,-0.638376025399781,0.172333171689033,-0.922538451604967,-0.444442130297604,-0.845327892174415
"393",6,"TJ_204",-0.484355990040914,1.7299384796548,0.00803411538856227,-0.301114922912034,0.267334313202455,0.21610001390807,-0.254357901198204,-0.464051706367597
"394",6,"TJ_210",-0.181025222395591,1.99269167339244,1.33738430227916,-0.642036706168211,0.333284654004707,-0.573168899989904,0.17500156878588,0.375271425643461
"396",6,"TJ_210",0.139443609512945,2.97743112642602,0.105080324626232,-0.108790431758646,-0.276707519681536,-0.660595271953858,0.827123544334641,-1.20925462774119
"400",6,"TJ_210",-0.484355990040914,1.79563317304801,0.660246090033715,-0.187147947315444,0.51024350428764,-0.310560329174932,-0.819911640538905,0.283130216104173
"402",6,"AM_098",1.17430348985186,0.54666803781595,-0.190285828955798,0.394644776252119,0.346292944930724,0.304058940101925,-0.574170659606192,-0.845327892174415
"403",6,"AM_098",0.656400282396726,0.480886211349965,0.295150826280589,0.179316844964251,-0.359468573919477,0.832870097127386,0.495270827402556,-0.664024706249679
"405",6,"AM_100",-1.36976841288636,1.03987845095609,1.17416895149119,-0.529962048334909,-0.653143110395076,0.788734367252209,-0.813977263209256,1.07581196396663
"406",6,"AM_100",0.457085694645341,0.612444980635835,0.105080324626232,-0.636552644177539,-0.309498397614099,-0.310560329174932,-0.735881105708631,0.205513799731689
"407",6,"AM_101",1.74188542088758,-0.210127479949791,0.00803411538856227,-0.0311885684130496,-0.624993607495311,0.656400770153815,-0.464211405655188,-0.40023796652528
"408",6,"AM_101",-0.410038841560366,0.645331629242443,-0.605115927082119,-0.563406493675111,-0.072921037345761,0.524178520639325,-1.89997984596535,0.626083538180816
"411",6,"AM_101",1.27356023448909,-0.144292037195091,0.660246090033715,-0.0993408841517683,-1.11965310597875,1.45203087732414,-0.529312678487852,-1.20925462774119
"414",6,"AM_101",0.701635617034158,-0.473523110225255,0.295150826280589,-0.266897539899583,-0.569624819877789,-0.398150980865974,-0.808032584497692,1.04465360075256
"415",6,"AM_101",0.30667059669331,0.118997170709362,-0.291647704873178,-0.387755049566936,-1.02979823481058,0.921178094024171,-0.705365271598272,0.861109274562995
"416",6,"AM_102",1.17430348985186,-1.42909603267193,-0.551856532810343,-0.713400693693085,0.267334313202455,0.304058940101925,0.452615342492406,0.283130216104173
"417",6,"AM_102",-1.61579222156648,1.00700601272885,-0.0904069254557428,0.0993665955760205,-0.11858837032708,0.656400770153815,0.270594174869716,-1.545161578391
"419",6,"AM_102",-0.258398333415225,1.53282843433575,1.49687981908265,0.102220339392946,0.37213292725897,-0.573168899989904,0.808412845748626,-0.664024706249679
"423",6,"AM_103",0.098387335394731,0.151902491815731,-0.394539838801074,-0.588976676894107,-0.072921037345761,-0.135217847342131,-0.282148305079372,0.839524115067249
"429",6,"AM_107",-0.0470209400868112,0.00710944430380365,0.835811204998451,-0.450644261635225,0.293898883314171,-0.398150980865974,-0.226347666636768,-0.183906423754337
"431",6,"AM_107",-0.978631212908117,-0.901730795369275,0.835811204998451,-0.585997168412866,-0.359468573919477,-0.0474668682532624,-0.261325990203667,0.803351133237477
"432",6,"AM_107",-0.258398333415225,-0.308890674337527,1.09110810308235,-0.408060818276697,0.326758156306228,0.128192467310955,-0.861166508676158,-0.0584745987388802
"433",6,"AM_107",-0.910653490373062,-0.704066658583498,-0.291647704873178,-0.35647805793559,-0.00583406079717183,-1.57511744319073,-1.1796508364381,1.29931301999251
"435",6,"AM_107",-0.102582190971587,0.54666803781595,-0.190285828955798,-0.801881242915681,-0.479954744754877,0.392068864918784,0.377057836387114,-0.299754529820642
"436",6,"AM_107",0.886163339762415,0.67821707188399,0.295150826280589,-0.660625897287782,-0.839261473518816,-0.135217847342131,1.60455275658317,-0.183906423754337
"437",6,"AM_107",-0.539455813759948,1.17135668089108,-0.446575168178039,-0.205218113457675,-0.11858837032708,0.392068864918784,-0.655971204846719,-0.956035406986163
"438",6,"AM_107",0.793171933674804,0.151902491815731,0.105080324626232,-0.816206360662271,-0.964584751706787,-1.44486906003293,0.013549365414722,-1.14291034421585
"440",6,"AM_107",0.0576234673891496,0.875504602418617,-2.16254954064669,-0.48555738827996,0.00151888471259806,-0.485687321725053,-0.483869559927811,-0.183906423754337
"442",6,"AM_107",-0.0230420360444128,1.00700601272885,-0.933782886694038,-0.654998206393378,-0.0428996620283656,1.09793898681472,0.013549365414722,-1.545161578391
"443",6,"AM_107",1.02847245686741,-0.835836979637665,-0.342899443529719,-0.6203461106657,-0.859701670320318,1.71808830641755,-0.925004635157768,0.00269610199050756
"448",6,"AM_108",-0.219843854342387,-0.308890674337527,-0.499011867184571,-0.499443839929974,-1.38646884154758,-1.18396759370047,-0.119297121654871,-0.299754529820642
"449",6,"AM_108",-0.062950994988469,0.54666803781595,-1.64358516266234,0.102030347258788,0.856880873472058,-2.48289683291402,0.0513406339335302,-1.37934571001413
"450",6,"AM_108",-0.062950994988469,0.415099462707288,0.74858440797802,-0.0229294467668224,0.165422419772591,-0.0694095615874468,0.62626713185558,-1.4637778929744
"451",6,"AM_108",-0.334727766635062,0.0860905642915749,-0.190285828955798,0.278931020919834,0.161267728996251,-1.28839229034976,-0.0608615772148685,-1.85317307910237
"452",6,"AM_108",-0.630102093861174,0.74398434903011,-1.16213954415512,-0.303782577545724,-0.681613782809485,-0.922538451604967,0.206587585028649,0.319414812173201
"454",6,"AM_110",1.27356023448909,-0.177209092578663,-0.933782886694038,-0.448867840324663,-1.02979823481058,0.304058940101925,-0.357463279831788,0.319414812173201
"455",6,"AM_110",1.02847245686741,-1.00058248412794,-0.394539838801074,0.0189722327208204,-1.78026086109944,-1.44486906003293,0.303023598802721,-1.9643442811074
"456",6,"AM_110",0.349247939402855,-0.0784618911490464,-1.2792944598787,-0.119059540090986,-0.165045668439528,0.480129397697036,0.12037910358706,-1.545161578391
"457",6,"AM_110",1.02847245686741,-0.111376304496734,0.74858440797802,-0.795835732547941,-1.11965310597875,0.304058940101925,-0.947924867894068,0.283130216104173
"460",6,"AM_110",0.264405596102353,-0.704066658583498,0.295150826280589,-0.502479501193523,-1.22506806944141,0.656400770153815,-0.0461023527832719,-1.912636317266
"461",6,"AM_110",-0.334727766635062,1.00700601272885,0.295150826280589,-0.632466823282996,-0.922080395782714,0.568240153760979,0.855365029008564,-0.299754529820642
"462",6,"AM_110",-0.062950994988469,1.03987845095609,-0.291647704873178,-0.642495604602072,-1.18939221334776,0.744610873781513,-0.766128681083791,0.58076514637422
"463",6,"AM_110",0.139443609512945,-0.341814436153962,0.00803411538856227,-0.832970217134324,-0.859701670320318,-0.660595271953858,1.48026999183873,-1.912636317266
"464",6,"AM_110",0.0576234673891496,1.17135668089108,0.660246090033715,-0.59282524956017,-0.922080395782714,0.128192467310955,-0.711490103792036,1.15807778060415
"467",6,"AM_110",-0.7015758620613,-0.210127479949791,0.835811204998451,-0.122669358763263,-0.260464271935749,-0.0474668682532624,0.478149462037942,-0.183906423754337
"468",6,"AM_110",0.180796123373492,0.0202734832817014,0.480112179281905,-0.381859475305268,-0.462393207239432,0.480129397697036,-0.0828869707711335,0.00269610199050756
"469",6,"AM_110",0.478896643612915,0.0860905642915749,1.17416895149119,-0.458867913280738,-0.37634069183812,0.744610873781513,0.214527158548514,-0.299754529820642
"470",6,"AM_110",1.07668370631269,-0.308890674337527,0.660246090033715,-0.766678550623928,0.435731324216479,-1.8784927011485,0.79909227210633,-0.299754529820642
"471",6,"AM_110",1.12529205294882,-0.506453715869312,-1.16213954415512,-0.574615926769028,-1.14266715798934,-0.747965970269534,0.529753212505232,0.58076514637422
"472",6,"AM_111",1.07668370631269,0.612444980635835,0.570765890079438,-0.627504235795346,-0.228274873184839,0.260073078512554,1.02939152458292,-0.845327892174415
"474",6,"AM_111",0.793171933674804,0.34930775280831,0.295150826280589,-0.675373724784755,-0.798889453845522,1.45203087732414,0.582086048060582,-0.664024706249679
"476",6,"AM_111",-0.258398333415225,0.151902491815731,-0.933782886694038,-0.675854610969896,0.856880873472058,-0.310560329174932,0.564559621751877,-0.234403465697219
"478",6,"AM_111",0.566970481124393,0.217709307870159,0.835811204998451,-0.326045188754707,-0.662597223222452,0.21610001390807,0.941379456230543,-0.956035406986163
"479",6,"AM_111",0.222448791465447,0.612444980635835,-0.933782886694038,-0.329405861736737,-0.533376056305332,0.304058940101925,-0.0386998840788621,0.00269610199050756
"480",6,"AM_111",-0.630102093861174,0.151902491815731,-1.16213954415512,-0.253083785893177,-0.569624819877789,1.45203087732414,0.286772905893621,-0.234403465697219
"482",6,"AM_115",-0.910653490373062,0.612444980635835,-1.04699280508835,0.109601578383805,-1.51906214212219,0.744610873781513,-0.674576885190164,0.693289545323892
"483",6,"AM_115",-0.557702809559148,0.67821707188399,0.835811204998451,-0.22854832324334,-0.410418025314388,0.921178094024171,-1.33588369650718,1.08616008661012
"484",6,"AM_115",-0.484355990040914,-1.09944748753846,0.00803411538856227,-0.26604534754522,-2.38807150533602,0.921178094024171,-1.4410299441904,0.839524115067249
"488",7,"AM_231",0.30667059669331,-1.52802089920921,-0.190285828955798,-0.716962780534277,0.359242160186818,-0.485687321725053,1.76863630524644,0.205513799731689
"494",7,"AM_236",2.0471468429162,-0.111376304496734,0.964630705013522,0.0922917029373633,0.62445833910351,-0.922538451604967,0.679985610947452,-0.299754529820642
"496",7,"AM_238",-0.557702809559148,-1.19832598736942,-0.190285828955798,-0.150338567761824,-0.0503738649432631,0.392068864918784,1.02939152458292,0.626083538180816
"498",7,"AM_238",-0.0230420360444128,0.0860905642915749,-1.39853299880555,-0.556842483760787,0.734415456103372,0.21610001390807,0.013549365414722,-0.183906423754337
"499",7,"AM_238",-1.11212730814853,0.941257645158098,-0.291647704873178,-0.744016686247471,-0.462393207239432,0.21610001390807,0.335743179396401,-0.956035406986163
"500",7,"AM_238",-0.484355990040914,-0.737007091007605,-0.291647704873178,-0.754713677512166,-0.276707519681536,1.0095345077566,1.10936986097606,-0.183906423754337
"501",7,"AM_240",1.02847245686741,0.67821707188399,-1.16213954415512,-0.50400184063426,0.144586684658917,-0.135217847342131,0.0286183052734516,-1.9643442811074
"502",7,"AM_240",-0.410038841560366,-0.243047202729004,-2.43814462939151,-0.500201632411505,0.365694810793967,-1.18396759370047,0.617388842937672,-0.845327892174415
"505",7,"AM_241",-0.141939123715914,0.84262631568201,0.200772797628179,-0.435147368364303,0.606717310558561,1.05373075989465,-0.35068256850516,0.34743073137552
"506",7,"AM_242",0.349247939402855,1.072749734223,0.660246090033715,-0.502479501193523,0.280647789996625,-0.485687321725053,0.452615342492406,-0.956035406986163
"507",7,"AM_243",-0.630102093861174,1.33567882592974,-0.291647704873178,-0.6203461106657,-0.964584751706787,1.3634374721567,0.385376873459245,0.246539949798225
"510",7,"AM_243",-0.484355990040914,0.875504602418617,0.200772797628179,-0.625708066213185,0.546795002349379,-0.835280519500459,-0.95932725998054,0.542673392372937
"512",7,"AM_244",-1.36976841288636,1.00700601272885,-1.04699280508835,-0.787859728917018,0.199806378384079,0.304058940101925,0.167147800028239,-0.845327892174415
"513",7,"AM_244",0.566970481124393,0.941257645158098,-0.499011867184571,-0.930396737212539,0.768312594430285,-0.747965970269534,0.286772905893621,-0.464051706367597
"515",7,"AM_245",-0.102582190971587,1.53282843433575,-1.39853299880555,-1.06194068376755,-3.16383752029299,1.45203087732414,0.270594174869716,0.542673392372937
"520",7,"AM_246",-1.36976841288636,1.43425862539303,-0.291647704873178,-0.731397752288916,-1.33556799373131,0.21610001390807,0.644087449264129,-0.664024706249679
"522",7,"AM_251",0.264405596102353,-0.243047202729004,1.17416895149119,-0.74295616931888,-0.778951098307474,1.18639120070306,0.931725149341514,-1.4637778929744
"523",7,"AM_252",-0.258398333415225,0.480886211349965,-0.712906826644279,-0.880791623670318,0.293898883314171,0.568240153760979,-0.655971204846719,-0.107241900843887
"524",8,"TJ_250",1.47718932482324,-0.177209092578663,-0.0904069254557428,2.45876470320195,0.801831209556358,0.304058940101925,0.478149462037942,-1.37934571001413
"525",8,"TJ_250",-0.102582190971587,-1.29721817039532,-2.2989064999942,2.45876470320195,1.4688756760967,-0.398150980865974,0.808412845748626,0.410815489394867
"526",8,"TJ_250",0.611513520572868,-0.374739553427673,0.00803411538856227,2.45876470320195,0.206632717852335,0.987440882940719,0.679985610947452,0.00269610199050756
"527",8,"TJ_250",-0.334727766635062,-0.802892244301542,-1.64358516266234,2.25257507789459,0.0379896696733926,-1.51001030635752,0.444143091946301,-1.06615360132454
"530",8,"TJ_250",0.566970481124393,-0.967630449979483,-2.09541271267286,2.45876470320195,1.06765615691062,0.744610873781513,0.564559621751877,0.205513799731689
"531",8,"TJ_250",0.349247939402855,0.151902491815731,-0.933782886694038,2.45876470320195,0.359242160186818,0.568240153760979,0.452615342492406,0.626083538180816
"532",8,"TJ_250",0.139443609512945,-2.12187894938112,-2.02895064225585,2.24493944948657,-0.986124163665897,-1.27099407667027,0.912490058797828,-0.52414848039192
"536",8,"TJ_253",-0.334727766635062,0.875504602418617,-0.933782886694038,2.45876470320195,-0.551435560493001,0.21610001390807,0.238450328740344,-1.14291034421585
"538",9,"TJ_124",-2.29285172057147,-2.38599439672715,-0.712906826644279,2.45876470320195,1.65220078156972,2.25142297999393,-0.976359341516046,0.500418569265542
"539",9,"TJ_125",-2.79766955836442,-1.29721817039532,-0.712906826644279,2.45876470320195,0.958804973049132,0.788734367252209,-1.09870839668871,0.58076514637422
"540",9,"TJ_125",-2.7005267081934,-1.23128851931074,-0.190285828955798,2.45876470320195,4.09387817701191,-1.44486906003293,0.343968958213407,0.00269610199050756
"542",9,"TJ_125",-1.90837471003206,-1.52802089920921,0.835811204998451,2.45876470320195,2.53100112799793,0.832870097127386,-0.309721950892505,0.0799539829120923
"543",9,"TJ_125",-2.84556881835477,-1.16536497574026,0.480112179281905,2.45876470320195,3.74389614407819,-1.35796140646303,-0.075560224549724,0.283130216104173
"545",9,"TJ_125",-2.60153984203154,0.875504602418617,1.95473404706823,2.45876470320195,2.03691206507784,-0.398150980865974,-0.0974955836862371,0.861109274562995
"546",9,"TJ_126",-2.13146473013306,-0.901730795369275,1.33738430227916,2.45876470320195,2.1155908722084,-0.135217847342131,0.12037910358706,-0.664024706249679
"549",9,"TJ_129",-2.23960004189817,-2.55112547583252,-2.16254954064669,2.45876470320195,1.3731985247106,-0.266744776878471,-0.37098563175554,-0.183906423754337
"550",9,"TJ_129",-2.34557256475987,-1.09944748753846,0.295150826280589,2.45876470320195,2.74852260666443,-0.398150980865974,0.311176110584597,-1.61419424044063
"551",9,"TJ_129",-2.7005267081934,-1.65994307022909,-0.605115927082119,2.45876470320195,0.659623759716174,0.788734367252209,0.427256793130255,0.0799539829120923
"552",9,"TJ_129",-2.23960004189817,-1.42909603267193,-0.0904069254557428,2.45876470320195,3.95011711929744,0.128192467310955,1.01951116749197,-0.234403465697219
"555",9,"TJ_129",-2.18580773331087,-1.46206940578644,0.835811204998451,2.45876470320195,3.17667933202029,1.45203087732414,-0.411243323790209,0.283130216104173
"557",9,"TJ_129",-2.29285172057147,-2.35297368900632,-0.499011867184571,2.45876470320195,2.4711830318819,2.16242290649652,-0.649746989501759,0.143213533706165
"560",9,"TJ_129",-3.34505197450765,-1.69292765720555,4.93529863205872,2.45876470320195,0.653791810283376,3.14378281198778,0.599695552337902,0.0799539829120923
"563",9,"TJ_134",-2.65126774215414,-2.28693770371923,2.2442682192357,2.45876470320195,1.99113558265557,0.128192467310955,-0.3978753010171,0.283130216104173
"565",9,"TJ_143",-2.23960004189817,0.0860905642915749,0.835811204998451,2.45876470320195,2.53429557157792,1.05373075989465,0.327535827676457,-1.27807972693399
"566",9,"TJ_143",-1.90837471003206,-1.19832598736942,0.660246090033715,2.45876470320195,-0.0280127316949621,-3.51115656974411,1.87782812244699,-1.4637778929744
"567",10,"TJ_147",0.522766410897074,0.283511047933906,0.660246090033715,1.06275284381283,-0.410418025314388,-1.18396759370047,1.52500838929154,-0.845327892174415
"568",10,"TJ_147",0.349247939402855,-0.76994894952334,-0.190285828955798,1.45220119677866,0.594830300657794,-1.35796140646303,2.41669444144785,-1.9643442811074
"569",10,"TJ_147",0.793171933674804,-1.26425257663087,-0.822442234585794,0.294929255991452,-0.515444145137706,0.568240153760979,2.18448513346274,-1.7362080649791
"570",10,"TJ_147",0.139443609512945,0.34930775280831,0.835811204998451,0.663966285632292,-0.681613782809485,-0.0474668682532624,0.599695552337902,-0.956035406986163
"571",10,"TJ_147",0.0576234673891496,-0.243047202729004,0.570765890079438,1.17092698654958,0.320216649230445,-1.44486906003293,0.922095387397561,-1.61419424044063
"572",10,"TJ_147",-0.181025222395591,0.0202734832817014,-0.605115927082119,0.600375219494303,0.757056103200007,-2.56897505417995,-0.953630850161789,0.143213533706165
"573",10,"TJ_147",1.27356023448909,0.118997170709362,1.09110810308235,0.639080387599773,-0.228274873184839,-1.00973927427729,-0.437827483322483,-0.40023796652528
"574",10,"TJ_147",0.349247939402855,0.118997170709362,0.921955611720685,0.734899287050021,1.26024899986222,-2.56897505417995,0.608531679735527,-0.717654486797908
"575",10,"TJ_147",0.793171933674804,-0.374739553427673,-0.933782886694038,1.25554411801393,-0.0578687379542719,-0.922538451604967,2.18448513346274,-0.299754529820642
"576",10,"TJ_147",0.933217949101551,0.283511047933906,-0.291647704873178,0.946661230975243,0.516367338765969,-0.135217847342131,0.0286183052734516,0.861109274562995
"577",10,"TJ_148",2.07567563226131,-0.539385707514846,-2.16254954064669,0.275253465963236,-1.54656768489298,2.16242290649652,0.780520163239017,-0.717654486797908
"578",10,"TJ_149",1.7962530097061,-0.835836979637665,-0.605115927082119,0.388181155326607,0.206632717852335,0.744610873781513,0.635166636955693,-1.78742221872732
"579",10,"TJ_150",0.39214184396861,0.283511047933906,-0.605115927082119,0.988549432173388,0.172333171689033,0.392068864918784,1.01951116749197,-0.40023796652528
"580",10,"TJ_151",0.264405596102353,-0.506453715869312,-1.2792944598787,1.38628598364788,-0.479954744754877,0.832870097127386,0.564559621751877,-0.956035406986163
"582",10,"TJ_154",0.349247939402855,0.54666803781595,-1.2792944598787,1.82408942431351,-1.07429538018246,-0.660595271953858,0.912490058797828,-1.37934571001413
"583",10,"TJ_155",0.349247939402855,-0.275968264380238,-0.190285828955798,1.55377792123437,-0.427626722795236,-1.8784927011485,0.190760255565315,-2.03645357538865
"584",10,"TJ_155",0.839483127446911,-4.00647079610636,-3.34216773455367,-0.171985503237411,-2.97809925143242,1.8956878227228,0.461107100518132,-0.183906423754337
"585",10,"TJ_156",1.02847245686741,-0.473523110225255,-0.291647704873178,0.829699579515517,-0.681613782809485,-1.70522843898513,1.2117526543934,-1.97800099159679
"586",10,"TJ_159",-0.0230420360444128,-0.901730795369275,-2.8745110309925,1.62706193632767,-1.41236024135137,-1.96503047690978,-1.48508638227874,1.31921983947247
"588",10,"TJ_159",1.27356023448909,0.217709307870159,-1.2792944598787,1.0561622972305,0.333284654004707,0.392068864918784,1.29566841107112,0.457781027117525
"589",10,"TJ_161",1.27356023448909,-0.210127479949791,0.921955611720685,0.819508769548059,-0.798889453845522,0.480129397697036,0.780520163239017,0.143213533706165
"590",10,"TJ_161",0.566970481124393,0.0202734832817014,0.105080324626232,1.14574864590627,-0.188580773870441,-1.83520011386417,0.521102450784093,-0.845327892174415
"591",10,"TJ_161",0.222448791465447,-0.308890674337527,0.835811204998451,1.48847816310273,-0.739554098507992,0.568240153760979,-0.878695795805007,0.741273705645461
"593",10,"TJ_162",1.22372413314984,-0.374739553427673,0.660246090033715,1.18990290527055,0.497957024604996,-1.09688248644574,0.286772905893621,-0.183906423754337
"594",10,"TJ_162",1.02847245686741,-0.341814436153962,-0.933782886694038,1.1197787341709,-0.60640153299252,-0.835280519500459,0.817756568746281,-1.06615360132454
"596",10,"TJ_163",0.349247939402855,1.13848884418895,0.105080324626232,0.74095221584791,0.460782407754882,-0.0474668682532624,0.864826060700969,-2.10366935503743
"597",10,"TJ_164",-0.062950994988469,0.513777738544226,-0.605115927082119,0.019386184561854,-0.643724680090801,0.656400770153815,1.23256088436985,-1.545161578391
"598",10,"TJ_165",1.27356023448909,-0.737007091007605,-0.190285828955798,1.27234419806329,0.384965865488652,-0.222915810933691,-0.275221144137511,-0.845327892174415
"599",10,"TJ_165",0.793171933674804,0.34930775280831,-0.605115927082119,0.894502153505973,-1.4385564810551,1.0095345077566,-0.457634049486228,-0.0584745987388802
"601",11,"TJ_169",-1.97909653955252,-2.43552887802981,0.295150826280589,2.45876470320195,1.21683849994475,-1.18396759370047,-1.6509977568746,0.00269610199050756
"602",11,"TJ_169",-2.13146473013306,-2.7493447544081,0.00803411538856227,2.45876470320195,1.84200349697739,1.27489080800174,0.343968958213407,-1.66877677140829
"603",11,"TJ_169",-1.61579222156648,-2.35297368900632,1.80539779579604,2.45876470320195,1.24584478367743,3.23324888775029,-0.490397777508562,0.939517180071238
"607",11,"TJ_170",-3.25777786502274,-1.49504435942729,1.57528771594887,2.45876470320195,3.21531809961295,-1.09688248644574,-0.0682184451526106,-0.570024900955416
"608",11,"TJ_172",-2.39777211926353,-1.62696011045484,3.17394403318624,2.45876470320195,3.20982185061483,-3.7665403685256,-1.6509977568746,-2.16440444330755
"610",11,"TJ_174",-1.61579222156648,-2.35297368900632,0.105080324626232,2.45876470320195,1.81380345161354,-1.96503047690978,-1.12590658169988,0.542673392372937
"612",11,"TJ_176",-1.61579222156648,-2.02286471917304,2.65758199344851,2.45876470320195,3.2262872583048,-0.0474668682532624,0.294889221291618,-0.664024706249679
"613",11,"TJ_176",-2.8930299125064,-2.48506749466227,2.52245677326848,2.45876470320195,2.96572333074448,0.921178094024171,-0.247376073083786,-0.845327892174415
"616",11,"TJ_179",-0.77214540524403,-1.42909603267193,1.09110810308235,2.45876470320195,1.960275867379,0.0403367034116309,1.04922946643413,-0.717654486797908
"617",11,"TJ_179",-1.1450019809418,-2.12187894938112,0.388251971379888,2.45876470320195,1.81137531204346,1.02721156784554,0.270594174869716,-1.66877677140829
"620",11,"TJ_179",-2.02108500665837,-2.18789714836863,0.835811204998451,2.45876470320195,1.38704142409226,2.25142297999393,0.661993362436099,-1.14291034421585
"621",11,"TJ_181",-1.96502675251919,-2.35297368900632,1.80539779579604,2.45876470320195,4.19854563707672,-1.18396759370047,0.599695552337902,-0.234403465697219
"622",11,"TJ_181",-1.70524695953131,-2.61719095678606,1.17416895149119,2.45876470320195,3.02389807121986,1.27489080800174,1.29566841107112,-1.66877677140829
"623",11,"TJ_183",-1.49417249603453,-2.53461028143598,-1.10431970464343,2.45876470320195,2.80401694611866,0.392068864918784,-0.148160185880266,-0.234403465697219
"624",11,"TJ_185",-1.04578313330889,-2.48506749466227,1.00704560898059,2.45876470320195,2.23574980576664,1.98455504070322,-0.586881632844406,0.0799539829120923
"625",11,"TJ_185",-1.90837471003206,-2.31995479595682,1.09110810308235,2.45876470320195,2.37611320713272,1.0095345077566,0.368757602126652,-2.14270194329702
"626",11,"TJ_185",-3.55690652834742,-2.15488717044567,1.49687981908265,2.45876470320195,1.21683849994475,-1.96503047690978,-1.58564093012157,-2.14270194329702
"628",11,"TJ_190",-1.46333700108073,-2.55112547583252,0.200772797628179,2.45876470320195,0.384965865488652,-0.266744776878471,-0.0461023527832719,-1.06615360132454
"629",11,"TJ_190",-1.04578313330889,-2.48506749466227,1.80539779579604,2.45876470320195,1.35929580363376,0.392068864918784,-0.226347666636768,-0.956035406986163
"630",11,"TJ_190",-2.55133482593607,-1.19832598736942,0.00803411538856227,2.45876470320195,2.58984929403361,-0.660595271953858,0.521102450784093,0.143213533706165
